{
  "best_epoch": 6,
  "peak_cpu_memory_MB": 7625.556,
  "peak_gpu_0_memory_MB": 1177,
  "peak_gpu_1_memory_MB": 10,
  "training_duration": "00:27:31",
  "training_start_epoch": 0,
  "training_epochs": 10,
  "epoch": 10,
  "training_accuracy": 0.5359429451333171,
  "training_accuracy3": 1.0,
  "training_loss": 0.6889952183432049,
  "training_cpu_memory_MB": 7625.556,
  "training_gpu_0_memory_MB": 1177,
  "training_gpu_1_memory_MB": 10,
  "validation_accuracy": 0.5151818963047837,
  "validation_accuracy3": 1.0,
  "validation_loss": 0.6970696794932292,
  "best_validation_accuracy": 0.5253509023202521,
  "best_validation_accuracy3": 1.0,
  "best_validation_loss": 0.693573825979886
}