{
  "best_epoch": 5,
  "peak_cpu_memory_MB": 7619.772,
  "peak_gpu_0_memory_MB": 1299,
  "peak_gpu_1_memory_MB": 10,
  "training_duration": "00:31:33",
  "training_start_epoch": 0,
  "training_epochs": 11,
  "epoch": 11,
  "training_accuracy": 0.5372975351093513,
  "training_accuracy3": 1.0,
  "training_loss": 0.6887541474236383,
  "training_cpu_memory_MB": 7619.768,
  "training_gpu_0_memory_MB": 1299,
  "training_gpu_1_memory_MB": 10,
  "validation_accuracy": 0.5187625322257233,
  "validation_accuracy3": 1.0,
  "validation_loss": 0.6950243790400082,
  "best_validation_accuracy": 0.5214838155256374,
  "best_validation_accuracy3": 1.0,
  "best_validation_loss": 0.6930204722434963
}