{
  "best_epoch": 5,
  "peak_cpu_memory_MB": 7620.016,
  "peak_gpu_0_memory_MB": 1179,
  "peak_gpu_1_memory_MB": 10,
  "training_duration": "00:38:28",
  "training_start_epoch": 0,
  "training_epochs": 14,
  "epoch": 14,
  "training_accuracy": 0.541025551966471,
  "training_accuracy3": 1.0,
  "training_loss": 0.6884376879312374,
  "training_cpu_memory_MB": 7619.868,
  "training_gpu_0_memory_MB": 1179,
  "training_gpu_1_memory_MB": 10,
  "validation_accuracy": 0.5156115726152964,
  "validation_accuracy3": 1.0,
  "validation_loss": 0.6943305355228789,
  "best_validation_accuracy": 0.5247780005729017,
  "best_validation_accuracy3": 1.0,
  "best_validation_loss": 0.6929693009755383
}